,league,gamelength,result,k,d,a,fb,kpm,okpm,ckpm,fd,fdtime,teamdragkills,oppdragkills,elementals,oppelementals,firedrakes,waterdrakes,earthdrakes,airdrakes,elders,oppelders,herald,heraldtime,ft,fttime,firstmidouter,teambaronkills,oppbaronkills,dmgtochamps,dmgtochampsperminute,dmgshare,earnedgoldshare,wards,wpm,wardkills,wcpm,totalgold,earnedgpm,goldspent,gspd,monsterkillsownjungle,monsterkillsenemyjungle,cspm,goldat10,oppgoldat10,gdat10,goldat15,oppgoldat15,gdat15,xpat10,oppxpat10,xpdat10,csat10,oppcsat10,csdat10,csat15,oppcsat15
0,WC,26.53333333,0,7,22,18,0,0.2638190955,0.8291457286,1.092964824,1,9.717566667,1,2,1,2,0,0,0,1,0,0,0,13.10958333,0,13.58856667,0,0,1,37133,1399.484925, , ,104,3.91959799,28,1.055276382,41227,889.8467337000001,38960,-0.2434625789,106,1,28.79396985,16355,17427,-1072,23545,29323,-5778,19217,19420,-203,315,318,-3,460,516
1,WC,26.53333333,1,22,7,51,1,0.8291457286,0.2638190955,1.092964824,0,9.717566667,2,1,2,1,0,1,0,1,0,0,1,13.10958333,1,13.58856667,1,1,0,59544,2244.1206030000003, , ,80,3.015075377,51,1.9221105530000002,56670,1471.869347,49760,0.2434625789,114,23,33.01507538,17427,16355,1072,29323,23545,5778,19420,19217,203,318,315,3,516,460
2,WC,38.06666667,0,8,16,17,1,0.2101576182,0.4203152364,0.6304728546,0,17.12161667,0,4,0,4,0,0,0,0,0,0,1,13.11418333,0,13.69641667,0,0,2,51747,1359.378284, , ,136,3.57267951,54,1.4185639230000002,61900,977.8949212000001,58800,-0.08539216085000001,128,9,31.31348511,15086,15316,-230,22236,24164,-1928,17871,19418,-1547,295,289,6,444,453
3,WC,38.06666667,1,16,8,34,0,0.4203152364,0.2101576182,0.6304728546,1,17.12161667,4,0,4,0,1,0,1,2,0,0,0,13.11418333,1,13.69641667,1,2,0,73706,1936.2346760000003, , ,135,3.546409807,62,1.628721541,68625,1154.558669,64045,0.08539216085000001,103,42,28.18739054,15316,15086,230,24164,22236,1928,19418,17871,1547,289,295,-6,453,444
4,WC,37.58333333,1,18,8,51,0,0.47893569840000005,0.2128603104,0.6917960089,1,8.318133332999999,4,0,4,0,1,2,1,0,0,0,1,15.58338333,1,17.61388333,1,1,0,72107,1918.5898, , ,115,3.059866962,78,2.075388027,69069,1189.090909,60483,0.03576206865,158,13,32.54101996,15282,15331,-49,23879,24123,-244,18055,17943,112,337,312,25,534,496
5,WC,37.58333333,0,8,18,12,1,0.2128603104,0.47893569840000005,0.6917960089,0,8.318133332999999,0,4,0,4,0,0,0,0,0,0,0,15.58338333,0,17.61388333,0,0,1,52317,1392.026608, , ,134,3.5654102,57,1.5166297119999999,60326,956.4611973,58358,-0.03576206865,147,14,31.26385809,15331,15282,49,24123,23879,244,17943,18055,-112,312,337,-25,496,534
6,WC,39.48333333,0,12,16,24,0,0.303925707,0.4052342761,0.7091599831000001,0,10.07878333,1,4,1,4,0,0,1,0,0,0,1,19.75225,0,16.11978333,1,0,1,72286,1830.7978050000002, , ,161,4.077669903,72,1.823554242,64460,985.6867877000001,61995,-0.07503318507000001,172,16,29.68341072,15262,16064,-802,23614,24759,-1145,19074,19298,-224,328,351,-23,514,567
7,WC,39.48333333,1,16,12,34,1,0.4052342761,0.303925707,0.7091599831000001,1,10.07878333,4,1,4,1,0,3,0,1,0,0,0,19.75225,1,16.11978333,0,1,0,73735,1867.496834, , ,167,4.229632756,95,2.4060785140000003,74977,1252.052343,66828,0.07503318507000001,175,7,35.86323343,16064,15262,802,24759,23614,1145,19298,19074,224,351,328,23,567,514
8,WC,39.01666667,0,2,10,2,1,0.05126014524,0.2563007262,0.3075608714,0,9.144633333,1,5,1,4,1,0,0,0,0,1,0,11.0139,0,12.67216667,0,1,1,25757,660.1537804, , ,130,3.33190944,73,1.870995301,60015,890.8705681,56400,-0.1822576746,160,0,32.98590346,14961,15520,-559,22211,25130,-2919,18196,18022,174,319,328,-9,507,517
9,WC,39.01666667,1,10,2,22,0,0.2563007262,0.05126014524,0.3075608714,1,9.144633333,5,1,4,1,1,3,0,0,1,0,1,11.0139,1,12.67216667,1,1,1,48676,1247.569415, , ,161,4.126441692,68,1.7428449380000002,71976,1197.431867,67710,0.1822576746,170,43,33.26783426,15520,14961,559,25130,22211,2919,18022,18196,-174,328,319,9,517,507
10,WC,30.15,1,13,5,28,0,0.4311774461,0.1658374793,0.5970149254,1,7.889733333,4,0,4,0,3,1,0,0,0,0,1,16.33725,1,14.86868333,1,1,0,54965,1823.0514100000003, , ,93,3.0845771139999996,48,1.5920398009999999,56903,1229.625207,48255,0.10060073130000001,94,24,31.90713101,15908,14407,1501,25858,21266,4592,18850,17725,1125,311,288,23,503,442
11,WC,30.15,0,5,13,10,1,0.1658374793,0.4311774461,0.5970149254,0,7.889733333,0,4,0,4,0,0,0,0,0,0,0,16.33725,0,14.86868333,0,0,1,47848,1586.998342, , ,105,3.482587065,32,1.061359867,45357,846.6733002000001,43633,-0.10060073130000001,107,0,29.22056385,14407,15908,-1501,21266,25858,-4592,17725,18850,-1125,288,311,-23,442,503
12,WC,34.63333333,0,12,17,24,1,0.34648700670000004,0.4908565929,0.8373435995999999,0,6.7391,1,4,1,4,1,0,0,0,0,0,0,11.17196667,0,13.67085,0,0,1,55352,1598.229066, , ,128,3.695861405,51,1.472569779,56116,968.5004812000001,55075,-0.06627166996,147,4,29.27815207,15984,16040,-56,23130,25148,-2018,18127,18373,-246,294,316,-22,445,491
13,WC,34.63333333,1,17,12,37,0,0.4908565929,0.34648700670000004,0.8373435995999999,1,6.7391,4,1,4,1,1,3,0,0,0,0,1,11.17196667,1,13.67085,1,1,0,73532,2123.156882, , ,128,3.695861405,63,1.819056785,68591,1328.702599,58850,0.06627166996,125,19,33.86910491,16040,15984,56,25148,23130,2018,18373,18127,246,316,294,22,491,445
14,WC,34.25,0,3,7,7,1,0.08759124087999999,0.204379562,0.2919708029,1,11.46261667,4,0,4,0,1,0,2,1,0,0,1,12.83388333,1,13.80031667,1,0,1,28341,827.4744526000001, , ,133,3.883211679,55,1.605839416,56132,986.6569343,53225,-0.04567735776,139,0,32.2919708,15867,15004,863,25616,23253,2363,19539,18932,607,331,327,4,495,502
15,WC,34.25,1,7,5,17,0,0.204379562,0.08759124087999999,0.2919708029,0,11.46261667,0,4,0,4,0,0,0,0,0,0,0,12.83388333,0,13.80031667,0,1,0,48491,1415.7956199999999, , ,121,3.532846715,60,1.7518248180000002,62260,1165.576642,55713,0.04567735776,163,11,35.62043796,15004,15867,-863,23253,25616,-2363,18932,19539,-607,327,331,-4,502,495
16,WC,30.13333333,1,22,11,34,1,0.7300884956,0.3650442478,1.095132743,0,9.971533333,3,1,3,1,0,1,1,1,0,0,1,13.11741667,1,10.67068333,1,1,0,75753,2513.926991, , ,111,3.683628319,59,1.9579646019999999,63833,1460.621681,52485,0.1155842193,107,37,35.11061947,17511,15719,1792,26169,24393,1776,18612,18019,593,302,273,29,497,478
17,WC,30.13333333,0,11,22,23,0,0.3650442478,0.7300884956,1.095132743,1,9.971533333,1,3,1,3,0,0,0,1,0,0,0,13.11741667,0,10.67068333,0,0,1,47521,1577.024336, , ,120,3.982300885,49,1.626106195,48237,943.0553097000001,46750,-0.1155842193,97,19,30.0,15719,17511,-1792,24393,26169,-1776,18019,18612,-593,273,302,-29,478,497
18,WC,40.03333333,1,21,19,39,0,0.5245628643,0.4746044963,0.9991673605,0,15.40723333,3,1,3,1,0,2,0,1,0,0,1,15.43533333,0,15.13128333,1,1,1,77974,1947.7268940000001, , ,172,4.29641965,58,1.448792673,75850,1248.249792,66208,-0.1000100441,166,28,33.89675271,15018,15469,-451,23079,24432,-1353,18476,18312,164,318,298,20,482,475
19,WC,40.03333333,0,19,21,39,1,0.4746044963,0.5245628643,0.9991673605,1,15.40723333,1,3,1,3,0,1,0,0,0,0,0,15.43533333,1,15.13128333,0,1,1,76338,1906.860949, , ,136,3.3971690260000003,69,1.723563697,73831,1197.816819,73178,0.1000100441,160,9,30.22481266,15469,15018,451,24432,23079,1353,18312,18476,-164,298,318,-20,475,482
20,WC,24.28333333,0,3,14,3,1,0.12354152369999999,0.5765271104999999,0.7000686342,0,10.06926667,0,3,0,3,0,0,0,0,0,0,0,12.0803,0,13.8483,0,0,1,23780,979.2724777000001, , ,77,3.170899108,16,0.6588881263,37146,860.9444063,35225,-0.1234600786,120,0,32.20315717,15818,15604,214,23506,25903,-2397,18967,18470,497,338,311,27,507,487
21,WC,24.28333333,1,14,3,35,0,0.5765271104999999,0.12354152369999999,0.7000686342,1,10.06926667,3,0,3,0,2,1,0,0,0,0,1,12.0803,1,13.8483,1,1,0,39218,1615.017159, , ,83,3.417982155,31,1.276595745,48830,1342.0974609999998,39860,0.1234600786,99,9,31.95607412,15604,15818,-214,25903,23506,2397,18470,18967,-497,311,338,-27,487,507
22,WC,30.01666667,0,9,20,14,1,0.2998334259,0.6662965019,0.9661299278000001,0,11.89328333,0,3,0,3,0,0,0,0,0,0,1,12.44751667,1,14.00591667,0,0,1,33173,1105.152693, , ,109,3.631315936,38,1.2659633540000002,49979,1007.133815,47000,-0.061515935779999996,129,20,31.91560244,15982,16738,-756,25693,25293,400,18482,18042,440,321,291,30,525,474
23,WC,30.01666667,1,20,9,32,0,0.6662965019,0.2998334259,0.9661299278000001,1,11.89328333,3,0,3,0,1,0,1,1,0,0,0,12.44751667,0,14.00591667,1,1,0,46283,1541.91005, , ,105,3.498056635,44,1.465852304,57416,1254.8961689999999,49983,0.061515935779999996,112,5,31.01610217,16738,15982,756,25293,25693,-400,18042,18482,-440,291,321,-30,474,525
24,WC,33.66666667,0,8,18,19,0,0.2376237624,0.5346534653,0.7722772277,0,8.044116667,2,2,2,2,0,0,2,0,0,0,0,19.45746667,0,16.42945,0,0,1,55469,1647.594059, , ,112,3.326732673,49,1.455445545,54405,963.0594059,53100,0.01709401709,157,0,32.67326733,15184,15385,-201,23866,23493,373,18597,19721,-1124,352,303,49,540,462
25,WC,33.66666667,1,18,8,50,1,0.5346534653,0.2376237624,0.7722772277,1,8.044116667,2,2,2,2,1,0,1,0,0,0,1,19.45746667,1,16.42945,1,1,0,70825,2103.712871, , ,111,3.297029703,48,1.425742574,62953,1216.9603960000002,52200,-0.01709401709,150,0,30.14851485,15385,15184,201,23493,23866,-373,19721,18597,1124,303,352,-49,462,540
26,WC,41.16666667,0,10,16,14,0,0.2429149798,0.3886639676,0.6315789474,1,7.2705333329999995,4,2,4,1,2,1,0,1,0,1,0,12.22781667,1,14.37391667,0,0,1,58275,1415.587045, , ,154,3.740890688,63,1.530364372,67791,1001.2712550000001,65265,-0.0026013772,113,31,30.55870445,14740,15624,-884,24375,22833,1542,17863,18676,-813,319,313,6,503,481
27,WC,41.16666667,1,16,10,47,1,0.3886639676,0.2429149798,0.6315789474,0,7.2705333329999995,2,4,1,4,0,1,0,0,1,0,1,12.22781667,0,14.37391667,1,1,0,71024,1725.279352, , ,129,3.1336032389999997,73,1.7732793519999999,74178,1156.421053,65435,0.0026013772,172,8,30.65587045,15624,14740,884,22833,24375,-1542,18676,17863,813,313,319,-6,481,503
28,WC,63.41666667,1,21,16,46,1,0.3311432326,0.2522996058,0.5834428384,0,11.34453333,4,4,2,3,1,0,0,1,2,1,1,10.76528333,1,11.67108333,1,2,2,176971,2790.607096, , ,256,4.036793693,112,1.76609724,112687,1143.201051,112043,0.03685844267,270,19,29.78712221,16166,15208,958,26340,24455,1885,18994,18412,582,347,293,54,545,492
29,WC,63.41666667,0,16,21,40,0,0.2522996058,0.3311432326,0.5834428384,1,11.34453333,4,4,3,2,0,2,0,1,1,2,0,10.76528333,0,11.67108333,0,2,2,135843,2142.070959, , ,270,4.257555848,92,1.450722733,104047,1006.9592640000001,107988,-0.03685844267,237,12,26.44415243,15208,16166,-958,24455,26340,-1885,18412,18994,-582,293,347,-54,492,545
30,WC,24.6,1,13,5,35,1,0.5284552846,0.162601626,0.6910569106000001,1,6.51185,2,1,2,1,0,2,0,0,0,0,0,15.65553333,1,15.86591667,1,1,0,45528,1850.7317070000001, , ,82,3.333333333,32,1.300813008,49510,1344.585366,44125,0.23749096760000002,100,8,35.44715447,15373,14489,884,23695,22320,1375,19005,18148,857,350,309,41,562,514
31,WC,24.6,0,4,13,12,0,0.162601626,0.5284552846,0.6910569106000001,0,6.51185,1,2,1,2,1,0,0,0,0,0,1,15.65553333,0,15.86591667,0,0,1,24162,982.1951220000001, , ,66,2.682926829,29,1.1788617890000002,37482,855.6422764,34758,-0.23749096760000002,91,0,31.78861789,14489,15373,-884,22320,23695,-1375,18148,19005,-857,309,350,-41,514,562
32,WC,38.93333333,0,17,20,17,1,0.43664383560000003,0.5136986300999999,0.9503424658,1,11.62265,2,2,2,2,0,0,0,2,0,0,0,10.7096,1,10.991,0,0,2,78965,2028.210616, , ,146,3.75,65,1.6695205480000002,68827,1120.422945,65295,-0.07794769145,140,32,32.02910959,14717,15627,-910,23213,24863,-1650,17310,17898,-588,290,276,14,471,457
33,WC,38.93333333,1,20,17,30,0,0.5136986300999999,0.43664383560000003,0.9503424658,0,11.62265,2,2,2,2,1,0,0,1,0,0,1,10.7096,0,10.991,1,2,0,94038,2415.359589, , ,146,3.75,52,1.335616438,76621,1320.611301,70591,0.07794769145,136,36,31.74657534,15627,14717,910,24863,23213,1650,17898,17310,588,276,290,-14,457,471
34,WC,28.38333333,0,1,15,2,0,0.03523194363,0.5284791543999999,0.5637110981,1,5.939133332999999,1,3,1,3,0,0,1,0,0,0,1,10.83253333,0,13.02235,0,0,1,28880,1017.4985320000001, , ,84,2.959483265,38,1.338813858,42156,824.6881973,40268,-0.1585036813,123,0,32.30769231,14569,16889,-2320,22184,25589,-3405,17210,18655,-1445,302,283,19,479,445
35,WC,28.38333333,1,15,2,34,1,0.5284791543999999,0.03523194363,0.5637110981,0,5.939133332999999,3,1,3,1,1,0,0,2,0,0,0,10.83253333,1,13.02235,1,1,0,42656,1502.853787, , ,100,3.523194363,30,1.056958309,52628,1193.637111,47200,0.1585036813,98,19,31.07457428,16889,14569,2320,25589,22184,3405,18655,17210,1445,283,302,-19,445,479
36,WC,31.03333333,1,27,11,53,1,0.8700322234000001,0.3544575725,1.2244897959999999,1,9.362216667,4,0,4,0,1,1,2,0,0,0,1,11.11491667,1,12.42038333,1,1,1,67714,2181.976369, , ,119,3.834586466,41,1.321160043,64404,1418.9129970000001,59463,0.2142657655,106,45,32.83566058,16981,14390,2591,27707,22339,5368,19134,17982,1152,336,313,23,523,501
37,WC,31.03333333,0,11,27,20,0,0.3544575725,0.8700322234000001,1.2244897959999999,0,9.362216667,0,4,0,4,0,0,0,0,0,0,0,11.11491667,0,12.42038333,0,1,1,44275,1426.691729, , ,100,3.222341568,37,1.19226638,52152,1024.111708,47955,-0.2142657655,100,0,29.77443609,14390,16981,-2591,22339,27707,-5368,17982,19134,-1152,313,336,-23,501,523
38,WC,30.61666667,1,15,8,34,0,0.4899292324,0.26129559059999996,0.7512248231,1,5.528516667000001,5,0,5,0,0,2,3,0,0,0,0,12.02011667,0,15.85115,1,1,0,59571,1945.7049539999998, , ,113,3.690800218,51,1.66575939,60747,1327.10724,54625,0.18096521440000002,127,41,34.7849755,15543,15470,73,25760,23050,2710,19013,18981,32,335,316,19,550,480
39,WC,30.61666667,0,8,15,21,1,0.26129559059999996,0.4899292324,0.7512248231,0,5.528516667000001,0,5,0,5,0,0,0,0,0,0,1,12.02011667,1,15.85115,0,0,1,40908,1336.1350029999999, , ,104,3.396842678,56,1.829069134,48496,926.9657050000001,45560,-0.18096521440000002,89,8,28.31790964,15470,15543,-73,23050,25760,-2710,18981,19013,-32,316,335,-19,480,550
40,WC,39.41666667,1,13,10,32,0,0.3298097252,0.2536997886,0.5835095136999999,1,5.611000000000001,3,3,3,3,1,0,0,2,0,0,0,18.82431667,0,15.90186667,0,1,0,87234,2213.1247359999998, , ,132,3.3488372089999996,62,1.5729386890000001,71722,1172.625793,66030,0.03419593346,154,13,32.34672304,15646,14940,706,23871,22989,882,19293,19218,75,333,341,-8,521,532
41,WC,39.41666667,0,10,13,23,1,0.2536997886,0.3298097252,0.5835095136999999,0,5.611000000000001,3,3,3,3,0,3,0,0,0,0,1,18.82431667,1,15.90186667,1,0,1,57415,1456.617336, , ,130,3.298097252,51,1.293868922,64623,992.5243129,63810,-0.03419593346,141,16,32.879492600000006,14940,15646,-706,22989,23871,-882,19218,19293,-75,341,333,8,532,521
42,WC,28.2,0,6,17,14,1,0.21276595739999998,0.6028368794,0.8156028369,0,10.2265,0,3,0,3,0,0,0,0,0,0,1,10.93995,0,10.74931667,0,0,1,23313,826.7021277000001, , ,109,3.865248227,41,1.453900709,45389,948.6737588999999,43383,-0.07310844123,98,12,30.992907799999998,16822,14568,2254,26516,26328,188,18595,17394,1201,292,307,-15,454,483
43,WC,28.2,1,17,7,43,0,0.6028368794,0.21276595739999998,0.8156028369,1,10.2265,3,0,3,0,0,0,0,3,0,0,0,10.93995,1,10.74931667,1,1,0,49514,1755.815603, , ,95,3.368794326,51,1.8085106380000002,57615,1382.219858,46675,0.07310844123,110,35,34.25531915,14568,16822,-2254,26328,26516,-188,17394,18595,-1201,307,292,15,483,454
44,WC,34.15,1,17,9,35,1,0.4978038067,0.2635431918,0.7613469985,1,13.40563333,2,1,2,1,0,1,0,1,0,0,0,11.47113333,0,12.60463333,0,1,0,59444,1740.6734989999998, , ,122,3.5724743780000003,56,1.639824305,63179,1197.692533,58475,0.06277394149,130,8,29.83894583,15804,16212,-408,25550,25121,429,17523,17755,-232,265,284,-19,442,467
45,WC,34.15,0,9,17,19,0,0.2635431918,0.4978038067,0.7613469985,0,13.40563333,1,2,1,2,0,1,0,0,0,0,1,11.47113333,1,12.60463333,1,0,1,61569,1802.898975, , ,121,3.5431918010000003,48,1.40556369,58041,1047.2386529999999,54916,-0.06277394149,146,16,30.74670571,16212,15804,408,25121,25550,-429,17755,17523,232,284,265,19,467,442
46,WC,40.56666667,0,12,18,23,0,0.2958093673,0.44371405090000005,0.7395234181999999,1,9.679816667,2,4,2,3,0,0,1,1,0,1,0,11.16253333,0,18.18696667,0,0,2,69267,1707.48562, , ,177,4.363188168,63,1.552999178,70041,1080.596549,67908,-0.09612190112999999,172,6,33.64831553,14535,15083,-548,21983,23158,-1175,18231,18375,-144,315,320,-5,502,516
47,WC,40.56666667,1,18,12,34,1,0.44371405090000005,0.2958093673,0.7395234181999999,0,9.679816667,4,2,3,2,0,1,2,0,1,0,1,11.16253333,1,18.18696667,1,2,0,77940,1921.281841, , ,152,3.7469186519999997,69,1.7009038619999999,79506,1313.9161869999998,74765,0.09612190112999999,156,20,32.51437962,15083,14535,548,23158,21983,1175,18375,18231,144,320,315,5,516,502
48,WC,30.36666667,0,2,13,4,0,0.06586169045,0.4281009879,0.4939626784,0,9.142766667,0,4,0,4,0,0,0,0,0,0,1,13.80278333,0,14.38415,0,0,2,32969,1085.697036, , ,96,3.161361142,39,1.284302964,48511,940.1295279999999,47983,-0.1507837866,116,1,33.35894621,14670,16683,-2013,22781,26558,-3777,18615,19739,-1124,315,316,-1,503,536
49,WC,30.36666667,1,13,2,28,1,0.4281009879,0.06586169045,0.4939626784,1,9.142766667,4,0,4,0,2,1,0,1,0,0,0,13.80278333,1,14.38415,1,2,0,42550,1401.207464, , ,94,3.0954994510000002,30,0.9879253568,62763,1409.459934,55808,0.1507837866,123,34,35.66410538,16683,14670,2013,26558,22781,3777,19739,18615,1124,316,315,1,536,503
50,WC,27.9,1,15,5,34,1,0.5376344086,0.1792114695,0.7168458781,1,7.654,3,0,3,0,0,2,1,0,0,0,1,11.0528,1,12.38068333,1,1,0,52491,1881.3978489999997, , ,85,3.046594982,32,1.146953405,54308,1285.132616,45941,0.1844420142,87,24,30.78853047,16081,14864,1217,25228,21931,3297,18111,18558,-447,301,272,29,469,438
51,WC,27.9,0,5,15,4,0,0.1792114695,0.5376344086,0.7168458781,0,7.654,0,3,0,3,0,0,0,0,0,0,0,11.0528,0,12.38068333,0,0,1,37292,1336.630824, , ,94,3.3691756269999997,28,1.003584229,40505,790.4014337,38183,-0.1844420142,99,9,27.84946237,14864,16081,-1217,21931,25228,-3297,18558,18111,447,272,301,-29,438,469
52,WC,26.21666667,1,11,3,21,0,0.41958041960000003,0.11443102349999999,0.5340114431,0,8.47075,3,1,3,1,1,0,2,0,0,0,1,11.09278333,1,12.3805,1,1,0,24159,921.5130323999999, , ,95,3.623649078,39,1.487603306,49434,1221.032422,45285,0.1766925425,103,11,33.60457724,15502,15674,-172,25323,22371,2952,17836,17742,94,313,283,30,478,429
53,WC,26.21666667,0,3,11,5,1,0.11443102349999999,0.41958041960000003,0.5340114431,1,8.47075,1,3,1,3,1,0,0,0,0,0,0,11.09278333,0,12.3805,0,0,1,19816,755.855054, , ,81,3.089637635,24,0.9154481882,39778,852.7171011,37933,-0.1766925425,117,4,29.90464081,15674,15502,172,22371,25323,-2952,17742,17836,-94,283,313,-30,429,478
54,WC,41.66666667,1,16,25,43,1,0.384,0.6,0.9840000000000001,0,9.424483333,2,4,1,4,0,0,1,0,1,0,1,10.47355,1,7.9793,1,2,0,79692,1912.608, , ,146,3.5039999999999996,76,1.824,75625,1169.928,72138,-0.027844415739999996,148,14,25.944000000000003,18775,15391,3384,30212,26467,3745,17754,16331,1423,311,290,21,447,440
55,WC,41.66666667,0,25,16,58,0,0.6,0.384,0.9840000000000001,1,9.424483333,4,2,4,1,3,0,0,1,0,1,0,10.47355,0,7.9793,0,0,2,99274,2382.576, , ,177,4.248,63,1.5119999999999998,78429,1237.224,74175,0.027844415739999996,166,21,28.872,15391,18775,-3384,26467,30212,-3745,16331,17754,-1423,290,311,-21,440,447
56,WC,33.1,1,14,14,39,0,0.4229607251,0.4229607251,0.8459214502,1,13.66228333,3,1,3,1,0,0,2,1,0,0,1,10.6608,1,10.56373333,1,2,0,60849,1838.338369, , ,128,3.867069486,61,1.8429003019999999,66930,1368.422961,63520,0.1473968898,126,55,33.3836858,15700,15194,506,26516,23468,3048,19506,18423,1083,317,306,11,492,462
57,WC,33.1,0,14,15,29,1,0.4229607251,0.4229607251,0.8459214502,0,13.66228333,1,3,1,3,0,0,1,0,0,0,0,10.6608,0,10.56373333,0,0,2,45054,1361.148036, , ,116,3.504531722,40,1.208459215,56634,1057.365559,54800,-0.1473968898,117,16,31.5407855,15194,15700,-506,23468,26516,-3048,18423,19506,-1083,306,317,-11,462,492
58,WC,22.71666667,0,2,13,4,0,0.08804108583999999,0.572267058,0.6603081438,0,8.641766667,0,3,0,3,0,0,0,0,0,0,0,10.8902,0,11.36468333,0,0,1,22350,983.8591343, , ,68,2.993396919,24,1.05649303,32240,746.5619956,31785,-0.27805241420000004,72,8,28.96551724,15119,17688,-2569,22294,30446,-8152,18570,19800,-1230,283,332,-49,451,517
59,WC,22.71666667,1,13,2,21,1,0.572267058,0.08804108583999999,0.6603081438,1,8.641766667,3,0,3,0,1,0,1,1,0,0,1,10.8902,1,11.36468333,1,1,0,41933,1845.913426, , ,75,3.3015407189999997,34,1.496698459,49601,1510.802641,42050,0.27805241420000004,77,36,35.87674248,17688,15119,2569,30446,22294,8152,19800,18570,1230,332,283,49,517,451
60,WC,29.98333333,1,13,6,26,1,0.4335742079,0.2001111729,0.6336853808,0,5.667133333,2,2,2,2,0,1,1,0,0,0,1,10.72048333,1,14.79296667,1,1,0,49784,1660.389105, , ,136,4.535853252,45,1.5008337969999999,57219,1250.401334,50610,0.1728024042,121,29,35.28627015,16551,15387,1164,26237,22762,3475,18089,17414,675,337,284,53,502,447
61,WC,29.98333333,0,6,13,9,0,0.2001111729,0.4335742079,0.6336853808,1,5.667133333,2,2,2,2,2,0,0,0,0,0,0,10.72048333,0,14.79296667,0,0,1,24257,809.0161201000001, , ,90,3.001667593,55,1.8343524180000002,46447,891.135075,42560,-0.1728024042,112,0,30.58365759,15387,16551,-1164,22762,26237,-3475,17414,18089,-675,284,337,-53,447,502
62,WC,27.63333333,1,21,9,50,0,0.7599517491,0.3256936068,1.085645356,1,9.561416667,3,0,3,0,0,0,0,3,0,0,1,10.64003333,1,13.64006667,1,1,0,56432,2042.171291, , ,84,3.0398069960000003,46,1.664656212,57394,1415.117008,50805,0.14111870869999998,86,37,34.66827503,16643,15606,1037,27166,22575,4591,19029,18006,1023,337,291,46,528,456
63,WC,27.63333333,0,9,21,12,1,0.3256936068,0.7599517491,1.085645356,0,9.561416667,0,3,0,3,0,0,0,0,0,0,0,10.64003333,0,13.64006667,0,0,1,42769,1547.732207, , ,100,3.618817853,29,1.049457177,44561,950.7141134,44108,-0.14111870869999998,89,5,29.52955368,15606,16643,-1037,22575,27166,-4591,18006,19029,-1023,291,337,-46,456,528
64,WC,36.98333333,1,19,7,36,1,0.5137449301,0.1892744479,0.7030193781,1,7.84475,6,0,6,0,2,3,1,0,0,0,1,10.74095,1,11.53405,1,2,0,65486,1770.6895, , ,156,4.218116268999999,67,1.811626859,74983,1378.22082,64275,0.09834727607,124,85,33.58269491,16759,14831,1928,27891,22434,5457,18795,17181,1614,321,304,17,489,456
65,WC,36.98333333,0,7,19,21,0,0.1892744479,0.5137449301,0.7030193781,0,7.84475,0,6,0,6,0,0,0,0,0,0,0,10.74095,0,11.53405,0,0,2,47542,1285.4979720000001, , ,132,3.569175304,61,1.6493916180000001,60005,973.2275800000001,58250,-0.09834727607,85,4,30.82469581,14831,16759,-1928,22434,27891,-5457,17181,18795,-1614,304,321,-17,456,489
66,WC,27.93333333,1,11,4,23,0,0.3937947494,0.1431980907,0.5369928400999999,1,6.155966667,4,0,4,0,0,1,2,1,0,0,1,10.42716667,1,10.8224,1,1,0,43836,1569.307876, , ,79,2.8281622910000004,36,1.2887828159999999,59071,1453.381862,52538,0.23820732109999998,118,36,35.69212411,16587,15352,1235,27832,23173,4659,18459,18669,-210,301,293,8,497,476
67,WC,27.93333333,0,4,11,6,1,0.1431980907,0.3937947494,0.5369928400999999,0,6.155966667,0,4,0,4,0,0,0,0,0,0,0,10.42716667,0,10.8224,0,0,1,37248,1333.4606210000002, , ,79,2.8281622910000004,28,1.002386635,42685,866.7708831,41355,-0.23820732109999998,106,11,30.46539379,15352,16587,-1235,23173,27832,-4659,18669,18459,210,293,301,-8,476,497
68,WC,33.01666667,1,14,5,17,1,0.4240282686,0.1514386673,0.5754669359000001,1,9.5024,5,0,5,0,3,0,2,0,0,0,1,11.1882,1,15.23996667,1,1,0,47350,1434.12418, , ,118,3.573952549,60,1.8172640080000002,65160,1319.812216,57675,0.1209112472,122,33,36.43614336,15260,16162,-902,25219,23848,1371,18140,18451,-311,316,296,20,504,461
69,WC,33.01666667,0,5,14,11,0,0.1514386673,0.4240282686,0.5754669359000001,0,9.5024,0,5,0,5,0,0,0,0,0,0,0,11.1882,0,15.23996667,0,0,1,46054,1394.871277, , ,112,3.392226148,48,1.453811206,54871,1008.181726,51099,-0.1209112472,120,7,31.68096921,16162,15260,902,23848,25219,-1371,18451,18140,311,296,316,-20,461,504
70,WC,40.35,1,13,12,42,0,0.322180917,0.2973977695,0.6195786865,1,5.859233333,5,2,4,2,1,0,1,2,1,0,1,12.32348333,1,13.14281667,1,2,0,90498,2242.825279, , ,136,3.370508055,48,1.189591078,76915,1260.04461,68663,0.01017338671,173,26,30.68153656,15765,15861,-96,24783,25561,-778,18527,20059,-1532,316,353,-37,468,560
71,WC,40.35,0,12,13,34,1,0.2973977695,0.322180917,0.6195786865,0,5.859233333,2,5,2,4,0,0,1,1,0,1,0,12.32348333,0,13.14281667,0,0,2,70019,1735.2912019999999, , ,131,3.2465923169999997,50,1.239157373,69738,1082.17596,67968,-0.01017338671,177,33,32.76332094,15861,15765,96,25561,24783,778,20059,18527,1532,353,316,37,560,468
72,WC,36.7,0,7,6,14,0,0.1907356948,0.1634877384,0.3542234332,0,8.573483332999999,3,3,2,3,1,0,0,1,1,0,0,10.98078333,0,12.3797,0,0,1,44118,1202.125341, , ,127,3.460490463,52,1.4168937330000002,63029,1067.86376,60311,-0.05190736135,152,16,32.04359673,14642,16465,-1823,23346,26606,-3260,18547,19139,-592,302,338,-36,479,523
73,WC,36.7,1,6,7,12,1,0.1634877384,0.1907356948,0.3542234332,1,8.573483332999999,3,3,3,2,0,0,1,2,0,1,1,10.98078333,1,12.3797,1,1,0,38815,1057.629428, , ,115,3.1335149860000002,64,1.74386921,68114,1206.419619,63525,0.05190736135,135,44,36.73024523,16465,14642,1823,26606,23346,3260,19139,18547,592,338,302,36,523,479
74,WC,45.53333333,1,22,26,54,0,0.48316251829999995,0.5710102489,1.054172767,0,8.21435,3,4,1,4,0,0,1,0,2,0,1,10.8446,1,12.58298333,0,2,2,133258,2926.6032210000003, , ,169,3.711566618,72,1.581259151,87567,1280.877013,83733,0.0023914005239999998,154,46,27.43045388,14949,17963,-3014,25129,26688,-1559,18541,20505,-1964,288,329,-41,439,503
75,WC,45.53333333,0,26,22,45,1,0.5710102489,0.48316251829999995,1.054172767,1,8.21435,4,3,4,1,2,1,1,0,0,2,0,10.8446,0,12.58298333,1,2,2,93993,2064.2679359999997, , ,164,3.601756955,77,1.691068814,86035,1247.231332,83533,-0.0023914005239999998,146,28,30.50512445,17963,14949,3014,26688,25129,1559,20505,18541,1964,329,288,41,503,439
76,WC,31.56666667,1,25,10,42,0,0.7919746568000001,0.3167898627,1.10876452,0,8.9305,2,2,2,2,0,1,0,1,0,0,1,11.11666667,1,15.99951667,1,2,0,80625,2554.118268, , ,112,3.548046463,44,1.3938753959999999,64640,1392.0760300000002,57475,0.1434298607,103,24,32.43928194,16356,15237,1119,24993,23581,1412,18805,18015,790,341,277,64,522,446
77,WC,31.56666667,0,10,25,25,1,0.3167898627,0.7919746568000001,1.10876452,1,8.9305,2,2,2,2,0,1,1,0,0,0,0,11.11666667,0,15.99951667,0,0,2,45393,1438.004224, , ,91,2.8827877510000004,49,1.5522703269999998,50882,956.2365364,49783,-0.1434298607,100,8,28.89123548,15237,16356,-1119,23581,24993,-1412,18015,18805,-790,277,341,-64,446,522
78,WC,30.5,1,18,11,27,1,0.5901639343999999,0.36065573770000003,0.9508196721,1,6.744783332999999,4,0,4,0,0,0,1,3,0,0,1,12.68005,1,11.60658333,1,1,0,57267,1877.606557, , ,110,3.6065573769999997,44,1.442622951,61585,1362.0,52625,0.119134628,72,65,32.62295082,16933,13642,3291,28418,22180,6238,18195,15849,2346,304,235,69,483,381
79,WC,30.5,0,11,18,20,0,0.36065573770000003,0.5901639343999999,0.9508196721,0,6.744783332999999,0,4,0,4,0,0,0,0,0,0,0,12.68005,0,11.60658333,0,0,1,47009,1541.278689, , ,105,3.442622951,50,1.6393442619999998,49062,951.4098361,46708,-0.119134628,79,16,27.31147541,13642,16933,-3291,22180,28418,-6238,15849,18195,-2346,235,304,-69,381,483
80,WC,42.16666667,1,25,12,38,1,0.5928853755,0.2845849802,0.8774703557,0,7.69545,5,1,4,1,1,3,0,0,1,0,1,11.777999999999999,1,11.96683333,1,1,2,125785,2983.043478, , ,154,3.652173913,83,1.9683794469999998,81198,1280.964427,80080,0.1595092025,155,65,29.88142292,16130,14666,1464,27377,23849,3528,19452,17481,1971,308,300,8,499,444
81,WC,42.16666667,0,12,25,25,0,0.2845849802,0.5928853755,0.8774703557,1,7.69545,1,5,1,4,0,0,1,0,0,1,0,11.777999999999999,0,11.96683333,0,2,1,68470,1623.794466, , ,154,3.652173913,57,1.351778656,72416,1072.6956519999999,68250,-0.1595092025,149,10,29.691699600000003,14666,16130,-1464,23849,27377,-3528,17481,19452,-1971,300,308,-8,444,499
82,WC,37.85,1,20,9,30,0,0.5284015852,0.23778071329999997,0.7661822985,0,7.7546166670000005,4,2,3,2,0,0,1,2,1,0,0,12.59618333,0,13.04188333,0,1,1,65075,1719.2866579999998, , ,156,4.121532365,69,1.822985469,72153,1257.88111,64760,0.02826606115,148,53,33.89696169,15384,15859,-475,25850,26103,-253,18372,18040,332,320,308,12,516,493
83,WC,37.85,0,9,20,16,1,0.23778071329999997,0.5284015852,0.7661822985,1,7.7546166670000005,2,4,2,3,1,0,0,1,0,1,1,12.59618333,1,13.04188333,1,1,1,61715,1630.515192, , ,127,3.355350066,65,1.7173051519999998,64669,1060.1532359999999,62955,-0.02826606115,123,16,30.11889036,15859,15384,475,26103,25850,253,18040,18372,-332,308,320,-12,493,516
84,WC,35.71666667,0,9,21,25,0,0.2519832011,0.5879608025999999,0.8399440037,0,12.01781667,0,4,0,4,0,0,0,0,0,0,0,15.00511667,0,15.59573333,0,0,1,72037,2016.9015399999998, , ,137,3.8357442839999996,45,1.2599160059999999,63447,1125.8161460000001,62033,-0.08152283165,144,4,32.92580495,15404,15373,31,24569,25247,-678,17769,18050,-281,327,312,15,535,539
85,WC,35.71666667,1,21,9,56,1,0.5879608025999999,0.2519832011,0.8399440037,1,12.01781667,4,0,4,0,0,2,1,1,0,0,1,15.00511667,1,15.59573333,1,1,0,76495,2141.717219, , ,124,3.4717685489999996,60,1.679888007,71551,1352.713019,67305,0.08152283165,142,15,34.26971535,15373,15404,-31,25247,24569,678,18050,17769,281,312,327,-15,539,535
86,WC,31.38333333,1,12,5,31,0,0.3823685608,0.15932023369999998,0.5416887945000001,0,9.786166667,2,2,2,2,0,0,0,2,0,0,0,11.18468333,1,12.92896667,1,1,0,42088,1341.093999, , ,117,3.728093468,65,2.071163038,61840,1314.5639939999999,56830,0.2296111029,155,24,33.616569299999995,15968,15208,760,25935,24511,1424,19479,18692,787,321,318,3,483,491
87,WC,31.38333333,0,5,12,10,1,0.15932023369999998,0.3823685608,0.5416887945000001,1,9.786166667,2,2,2,2,0,0,1,1,0,0,1,11.18468333,0,12.92896667,0,0,1,43955,1400.584174, , ,121,3.855549655,53,1.6887944769999998,47780,866.5554965,45125,-0.2296111029,123,8,29.82474774,15208,15968,-760,24511,25935,-1424,18692,19479,-787,318,321,-3,491,483
88,WC,29.66666667,1,10,4,25,0,0.3370786517,0.13483146070000002,0.4719101124,0,9.1414,3,1,3,1,2,1,0,0,0,0,0,11.48568333,0,16.88565,1,0,0,57595,1941.404494, , ,108,3.640449438,65,2.191011236,52695,1117.786517,45091,-0.04060792387,134,11,34.78651685,15276,16085,-809,23776,24355,-579,18548,19816,-1268,343,337,6,558,541
89,WC,29.66666667,0,4,10,5,1,0.13483146070000002,0.3370786517,0.4719101124,1,9.1414,1,3,1,3,0,0,1,0,0,0,1,11.48568333,1,16.88565,0,0,0,29466,993.2359551000001, , ,113,3.808988764,43,1.4494382019999998,47069,928.1460674000001,46960,0.04060792387,113,5,31.85393258,16085,15276,809,24355,23776,579,19816,18548,1268,337,343,-6,541,558
90,WC,31.08333333,0,9,15,23,0,0.2895442359,0.48257372649999997,0.7721179625,0,6.867683333,1,3,1,3,0,0,1,0,0,0,1,14.72883333,1,15.65033333,1,0,1,39361,1266.30563, , ,133,4.278820375,48,1.544235925,51275,993.2654154999999,50545,0.007845473956,135,15,32.13941019,14850,15334,-484,23545,23599,-54,18182,18870,-688,322,325,-3,491,481
91,WC,31.08333333,1,15,9,40,1,0.48257372649999997,0.2895442359,0.7721179625,1,6.867683333,3,1,3,1,2,0,1,0,0,0,0,14.72883333,0,15.65033333,0,1,0,62371,2006.573727, , ,115,3.699731903,63,2.0268096509999998,57430,1191.281501,50150,-0.007845473956,99,0,31.81769437,15334,14850,484,23599,23545,54,18870,18182,688,325,322,3,481,491
92,WC,36.65,1,18,12,44,0,0.49113233289999997,0.3001364256,0.7912687584999999,0,8.911983333,1,4,1,4,0,0,0,1,0,0,1,11.67153333,0,16.04145,1,2,0,79949,2181.418827, , ,162,4.4201909960000005,61,1.664392906,68722,1225.489768,65065,0.05804206864,163,17,32.41473397,14587,14909,-322,23288,23775,-487,17831,17924,-93,322,317,5,521,522
93,WC,36.65,0,11,18,25,1,0.3001364256,0.49113233289999997,0.7912687584999999,1,8.911983333,4,1,4,1,3,0,0,1,0,0,0,11.67153333,1,16.04145,0,0,2,60600,1653.478854, , ,145,3.9563437930000003,72,1.964529332,61252,1021.66985,61395,-0.05804206864,141,8,33.09686221,14909,14587,322,23775,23288,487,17924,17831,93,317,322,-5,522,521
94,WC,30.46666667,0,3,9,4,0,0.09846827133,0.29540481399999996,0.39387308530000004,1,6.624,1,3,1,3,0,1,0,0,0,0,0,14.50776667,0,17.44101667,0,0,1,26147,858.2166302, , ,102,3.347921225,46,1.5098468269999998,50643,1005.0131289999999,46625,-0.05528618053999999,123,23,36.10503282,14801,15536,-735,22985,23271,-286,18684,19018,-334,324,320,4,535,503
95,WC,30.46666667,1,9,3,11,1,0.29540481399999996,0.09846827133,0.39387308530000004,0,6.624,3,1,3,1,1,0,2,0,0,0,1,14.50776667,1,17.44101667,1,1,0,39381,1292.592998, , ,120,3.938730853,45,1.47702407,56893,1210.1553609999999,49276,0.05528618053999999,96,8,35.44857768,15536,14801,735,23271,22985,286,19018,18684,334,320,324,-4,503,535
96,WC,42.73333333,1,18,23,45,0,0.4212168487,0.5382215289,0.9594383775,0,7.182016667,4,3,4,2,1,0,2,1,0,1,1,14.08528333,0,12.92113333,1,2,1,82138,1922.106084, , ,211,4.937597504,67,1.567862715,82715,1291.361934,79333,-0.01049510041,173,29,32.66770671,16492,16332,160,25876,26356,-480,18175,18539,-364,295,290,5,465,492
97,WC,42.73333333,0,23,18,48,1,0.5382215289,0.4212168487,0.9594383775,1,7.182016667,3,4,2,4,2,0,0,0,1,0,0,14.08528333,1,12.92113333,0,1,2,85293,1995.9360370000002, , ,173,4.048361934,92,2.152886115,82659,1290.051482,80170,0.01049510041,175,18,30.70202808,16332,16492,-160,26356,25876,480,18539,18175,364,290,295,-5,492,465
98,WC,39.06666667,1,23,12,53,1,0.5887372014,0.3071672355,0.8959044369,1,7.388816667,2,4,1,4,0,1,0,0,1,0,0,11.78786667,0,13.79025,0,0,0,94798,2426.569966, , ,140,3.583617747,84,2.150170648,74973,1271.831058,64445,-0.009728227301,150,16,31.02389078,15002,16514,-1512,23407,26371,-2964,16075,17675,-1600,251,303,-52,443,452
99,WC,39.06666667,0,12,23,30,0,0.3071672355,0.5887372014,0.8959044369,0,7.388816667,4,2,4,1,0,2,2,0,0,1,1,11.78786667,1,13.79025,1,0,0,103307,2644.377133, , ,179,4.581911263,82,2.098976109,65751,1035.773038,65075,0.009728227301,163,3,29.33447099,16514,15002,1512,26371,23407,2964,17675,16075,1600,303,251,52,452,443
100,WC,33.78333333,0,11,17,19,1,0.3256043414,0.5032067094,0.8288110508,0,9.835183333,2,3,2,3,0,1,0,1,0,0,1,14.13,0,14.4515,1,0,1,50682,1500.207203, , ,107,3.16724223,46,1.361618155,58772,1086.8850519999999,57583,-0.05517043392000001,128,13,30.60680809,16277,15862,415,25747,24931,816,19278,19089,189,279,325,-46,439,490
101,WC,33.78333333,1,17,11,30,0,0.5032067094,0.3256043414,0.8288110508,1,9.835183333,3,2,3,2,1,0,0,2,0,0,0,14.13,1,14.4515,0,1,0,65707,1944.9531329999998, , ,108,3.196842625,53,1.5688209180000001,65229,1278.0148,60850,0.05517043392000001,160,23,33.38924519,15862,16277,-415,24931,25747,-816,19089,19278,-189,325,279,46,490,439
102,WC,27.6,0,6,9,12,1,0.2173913043,0.32608695649999997,0.5434782609000001,0,6.5357,1,3,1,3,0,1,0,0,0,0,0,15.53571667,1,15.55446667,0,0,1,30428,1102.463768, , ,101,3.65942029,36,1.3043478259999999,42102,863.5072464,40335,-0.11778156279999999,102,4,28.55072464,14538,15683,-1145,22332,25464,-3132,17817,19194,-1377,296,362,-66,422,535
103,WC,27.6,1,9,6,24,0,0.32608695649999997,0.2173913043,0.5434782609000001,1,6.5357,3,1,3,1,0,1,1,1,0,0,1,15.53571667,0,15.55446667,1,1,0,29396,1065.072464, , ,85,3.079710145,41,1.4855072459999998,51746,1212.927536,45383,0.11778156279999999,121,32,35.0,15683,14538,1145,25464,22332,3132,19194,17817,1377,362,296,66,535,422
104,WC,29.8,0,7,16,10,0,0.2348993289,0.5369127517,0.7718120804999999,0,8.543183333,1,3,1,3,0,0,1,0,0,0,1,10.8748,0,10.9327,0,0,1,33261,1116.14094, , ,113,3.7919463089999996,44,1.476510067,48848,980.9530200999999,49763,-0.06676184649,95,19,34.19463087,15244,15953,-709,24629,25443,-814,17970,18333,-363,319,313,6,539,511
105,WC,29.8,1,16,7,28,1,0.5369127517,0.2348993289,0.7718120804999999,1,8.543183333,3,1,3,1,0,0,2,1,0,0,0,10.8748,1,10.9327,1,1,0,55461,1861.1073829999998, , ,127,4.261744966,56,1.8791946309999998,59691,1344.812081,53200,0.06676184649,108,44,34.83221477,15953,15244,709,25443,24629,814,18333,17970,363,313,319,-6,511,539
106,WC,47.03333333,1,18,19,41,1,0.38270729979999996,0.4039688164,0.7866761162,1,10.42956667,4,2,3,2,2,0,1,0,1,0,1,12.00465,1,12.44355,1,2,0,144556,3073.479802, , ,183,3.890857548,98,2.083628632,89096,1253.017718,79663,0.019238568390000002,160,51,32.14741318,16420,15297,1123,26294,23485,2809,19483,19497,-14,345,323,22,541,520
107,WC,47.03333333,0,19,18,37,0,0.4039688164,0.38270729979999996,0.7866761162,0,10.42956667,2,4,2,3,0,1,1,0,0,1,0,12.00465,0,12.44355,0,0,2,135335,2877.4273559999997, , ,171,3.6357193480000003,70,1.4883061659999999,80402,1068.170092,78145,-0.019238568390000002,167,9,30.6378455,15297,16420,-1123,23485,26294,-2809,19497,19483,14,323,345,-22,520,541
108,WC,38.23333333,0,13,22,25,0,0.3400174368,0.5754141238,0.9154315606,1,8.149883333,3,3,3,2,0,2,1,0,0,1,1,19.75108333,1,14.88273333,1,0,2,80671,2109.965126, , ,162,4.237140366,77,2.013949433,66939,1102.760244,64358,-0.03850872047,151,29,32.92938099,15978,17053,-1075,25139,25085,54,17857,19816,-1959,334,320,14,551,506
109,WC,38.23333333,1,22,13,51,1,0.5754141238,0.3400174368,0.9154315606,0,8.149883333,3,3,2,3,0,0,2,0,1,0,0,19.75108333,0,14.88273333,0,2,0,80449,2104.158675, , ,154,4.027898867,74,1.935483871,75257,1320.319093,66885,0.03850872047,132,36,31.54315606,17053,15978,1075,25085,25139,-54,19816,17857,1959,320,334,-14,506,551
110,WC,42.03333333,0,22,19,55,0,0.5233941315999999,0.45202220460000003,0.9754163362,0,11.02633333,2,4,2,3,1,0,1,0,0,1,1,13.14396667,0,14.54578333,1,1,1,103931,2472.58525, , ,172,4.091990484,63,1.498810468,74734,1133.18636,74030,0.1417618979,176,13,28.62014274,15446,15806,-360,25163,25556,-393,18158,18607,-449,316,298,18,455,452
111,WC,42.03333333,1,19,22,44,1,0.45202220460000003,0.5233941315999999,0.9754163362,1,11.02633333,4,2,3,2,2,0,1,0,1,0,0,13.14396667,1,14.54578333,0,1,1,85749,2040.023791, , ,128,3.04520222,83,1.974623315,77171,1191.1641550000002,64230,-0.1417618979,151,5,29.42902458,15806,15446,360,25556,25163,393,18607,18158,449,298,316,-18,452,455
112,WC,34.88333333,1,18,11,32,1,0.5160057334,0.3153368371,0.8313425704999999,0,8.54085,2,3,2,3,0,0,1,1,0,0,0,10.96896667,0,9.29305,0,1,0,50635,1451.5527949999998, , ,156,4.472049688999999,63,1.806020067,68914,1324.053512,62375,0.08206420602,165,66,34.4577162,16183,17714,-1531,25950,26661,-711,17104,17675,-571,284,271,13,489,460
113,WC,34.88333333,0,11,18,31,0,0.3153368371,0.5160057334,0.8313425704999999,1,8.54085,3,2,3,2,0,1,1,1,0,0,1,10.96896667,1,9.29305,1,0,1,57747,1655.432394, , ,140,4.013377926,71,2.0353559480000003,59534,1055.157191,57458,-0.08206420602,94,9,29.12565695,17714,16183,1531,26661,25950,711,17675,17104,571,271,284,-13,460,489
114,WC,39.1,0,12,22,28,1,0.30690537079999997,0.5626598465,0.8695652173999999,0,9.657116667,1,3,1,3,1,0,0,0,0,0,1,11.4902,0,18.90025,1,0,0,86563,2213.887468, , ,175,4.475703325,51,1.3043478259999999,66131,1044.086957,66498,-0.027833591600000002,167,5,30.81841432,14926,14915,11,23912,24177,-265,17265,18331,-1066,286,322,-36,476,528
115,WC,39.1,1,22,12,43,0,0.5626598465,0.30690537079999997,0.8695652173999999,1,9.657116667,3,1,3,1,1,1,0,1,0,0,0,11.4902,1,18.90025,0,0,0,74401,1902.838875, , ,112,2.864450128,81,2.071611253,73805,1240.352941,68375,0.027833591600000002,182,19,35.37084399,14915,14926,-11,24177,23912,265,18331,17265,1066,322,286,36,528,476
116,WC,37.85,1,16,9,40,0,0.4227212682,0.23778071329999997,0.6605019815,0,8.282333333,3,2,3,2,1,1,0,1,0,0,0,10.395,0,16.315,1,1,0,101396,2678.890357, , ,155,4.095112285,87,2.298546896,74267,1313.7331570000001,66076,0.1206072082,165,22,37.85997358,16552,16571,-19,24605,24404,201,19230,18652,578,351,331,20,539,511
117,WC,37.85,0,9,16,23,1,0.23778071329999997,0.4227212682,0.6605019815,1,8.282333333,2,3,2,3,1,1,0,0,0,0,1,10.395,1,16.315,0,0,1,39685,1048.4808449999998, , ,151,3.9894319680000003,49,1.2945838840000001,62624,1006.124174,58560,-0.1206072082,144,4,33.65918098,16571,16552,19,24404,24605,-201,18652,19230,-578,331,351,-20,511,539
118,WC,24.61666667,1,26,13,54,1,1.05619499,0.5280974949,1.584292485,1,15.83346667,2,0,2,0,0,0,2,0,0,0,0,13.5002,1,13.99543333,0,1,0,68464,2781.2051460000002, , ,86,3.4935680430000002,34,1.381178064,53607,1509.69262,47050,0.2151600753,93,12,28.72037915,16071,15847,224,27391,25305,2086,17887,18999,-1112,277,273,4,447,411
119,WC,24.61666667,0,13,26,16,0,0.5280974949,1.05619499,1.584292485,0,15.83346667,0,2,0,2,0,0,0,0,0,0,1,13.5002,0,13.99543333,1,0,1,34048,1383.127962, , ,73,2.9654705480000003,19,0.7718348003,38971,915.1360867000001,37910,-0.2151600753,82,4,25.06431957,15847,16071,-224,25305,27391,-2086,18999,17887,1112,273,277,-4,411,447
120,WC,36.35,1,15,7,44,1,0.4126547455,0.1925722146,0.6052269601,0,7.7860000000000005,2,3,2,3,1,1,0,0,0,0,1,10.42641667,0,16.79145,1,1,0,66777,1837.0563960000002, , ,171,4.7042640989999995,75,2.063273728,69943,1274.244842,65750,0.1570637687,177,40,35.73590096,15649,15447,202,25181,23333,1848,18642,18311,331,325,295,30,507,464
121,WC,36.35,0,7,15,14,0,0.1925722146,0.4126547455,0.6052269601,1,7.7860000000000005,3,2,3,2,0,2,1,0,0,0,0,10.42641667,1,16.79145,0,0,1,54158,1489.903714, , ,134,3.686382393,82,2.2558459419999997,60352,1010.393398,56175,-0.1570637687,121,5,31.85694635,15447,15649,-202,23333,25181,-1848,18311,18642,-331,295,325,-30,464,507
122,WC,26.16666667,0,2,16,5,0,0.07643312102000001,0.6114649682,0.6878980892000001,0,7.650833333,0,4,0,4,0,0,0,0,0,0,0,11.36496667,0,14.36495,0,0,1,24723,944.8280255000001, , ,84,3.2101910830000002,44,1.6815286619999998,36814,742.2420382,36200,-0.25331724969999997,85,0,28.77707006,14885,16288,-1403,21757,27662,-5905,18027,19581,-1554,311,325,-14,453,515
123,WC,26.16666667,1,16,2,20,1,0.6114649682,0.07643312102000001,0.6878980892000001,1,7.650833333,4,0,4,0,3,0,0,1,0,0,1,11.36496667,1,14.36495,1,1,0,41221,1575.324841, , ,105,4.012738854,32,1.2229299359999999,53848,1393.2229300000001,46700,0.25331724969999997,108,40,36.53503185,16288,14885,1403,27662,21757,5905,19581,18027,1554,325,311,14,515,453
124,WC,44.68333333,0,5,16,12,0,0.1118985453,0.358075345,0.46997389030000003,0,8.175916667000001,0,6,0,5,0,0,0,0,0,1,1,13.95253333,1,14.39645,1,0,3,62376,1395.956733, , ,143,3.2002983960000004,84,1.8798955609999999,74877,1032.886236,70900,-0.1489217273,174,8,34.46475196,15368,15263,105,24596,23088,1508,18698,17580,1118,350,303,47,546,490
125,WC,44.68333333,1,16,5,39,1,0.358075345,0.1118985453,0.46997389030000003,1,8.175916667000001,6,0,5,0,1,3,1,0,1,0,0,13.95253333,0,14.39645,0,3,0,94894,2123.700112, , ,199,4.4535621039999995,59,1.320402835,86269,1287.835882,82308,0.1489217273,189,28,32.51771727,15263,15368,-105,23088,24596,-1508,17580,18698,-1118,303,350,-47,490,546
126,WC,43.46666667,0,8,19,17,0,0.18404907980000001,0.43711656439999996,0.6211656442,0,8.7532,2,4,2,3,0,1,1,0,0,1,1,10.61715,1,17.41728333,1,1,2,121633,2798.305215, , ,192,4.417177914,70,1.610429448,81087,1221.796012,78388,0.005885513959,148,19,33.38190184,16010,15381,629,25054,24465,589,19454,19216,238,346,331,15,510,511
127,WC,43.46666667,1,19,8,49,1,0.43711656439999996,0.18404907980000001,0.6211656442,1,8.7532,4,2,3,2,0,1,2,0,1,0,0,10.61715,0,17.41728333,0,2,1,136108,3131.319018, , ,180,4.141104294,94,2.162576687,87081,1359.694785,77928,-0.005885513959,144,34,33.24386503,15381,16010,-629,24465,25054,-589,19216,19454,-238,331,346,-15,511,510
128,WC,30.61666667,0,10,14,19,0,0.3266194883,0.4572672836,0.7838867719,0,10.91945,1,3,1,3,0,0,1,0,0,0,1,12.21153333,0,13.79975,0,0,1,39430,1287.860642, , ,127,4.148067501,35,1.1431682090000002,50978,1008.032662,49043,-0.020524101189999998,122,8,29.2324442,15936,16590,-654,24041,25813,-1772,18406,18233,173,286,320,-34,464,527
129,WC,30.61666667,1,14,10,26,1,0.4572672836,0.3266194883,0.7838867719,1,10.91945,3,1,3,1,1,1,1,0,0,0,0,12.21153333,1,13.79975,1,1,0,47907,1564.735983, , ,98,3.200870985,54,1.763745237,60710,1325.898748,50060,0.020524101189999998,122,28,35.01360915,16590,15936,654,25813,24041,1772,18233,18406,-173,320,286,34,527,464
130,WC,23.55,1,19,2,25,1,0.8067940551999999,0.08492569002,0.8917197452,1,10.4054,2,0,2,0,2,0,0,0,0,0,1,11.80005,1,12.4596,1,1,0,45125,1916.135881, , ,86,3.6518046710000003,38,1.61358811,50757,1484.7728240000001,39875,0.20761245670000003,72,40,35.15923567,16719,14868,1851,29715,22213,7502,18745,16855,1890,287,300,-13,510,486
131,WC,23.55,0,2,19,3,0,0.08492569002,0.8067940551999999,0.8917197452,0,10.4054,0,2,0,2,0,0,0,0,0,0,0,11.80005,0,12.4596,0,0,1,28299,1201.656051, , ,77,3.2696390660000003,34,1.44373673,34906,811.6942675,32375,-0.20761245670000003,67,13,32.14437367,14868,16719,-1851,22213,29715,-7502,16855,18745,-1890,300,287,13,486,510
132,WC,28.65,0,6,20,16,0,0.2094240838,0.6980802792,0.9075043629999999,0,10.97728333,0,3,0,3,0,0,0,0,0,0,1,14.81328333,0,11.89546667,0,0,1,37547,1310.541012, , ,83,2.897033159,48,1.67539267,46801,973.4450262,44885,-0.180454633,120,8,33.43804538,16718,16914,-196,25827,28153,-2326,19458,19442,16,328,326,2,518,546
133,WC,28.65,1,20,6,43,1,0.6980802792,0.2094240838,0.9075043629999999,1,10.97728333,3,0,3,0,1,1,0,1,0,0,0,14.81328333,1,11.89546667,1,1,0,65131,2273.333333, , ,123,4.293193717,35,1.221640489,59709,1423.986038,53788,0.180454633,133,4,35.84642234,16914,16718,196,28153,25827,2326,19442,19458,-16,326,328,-2,546,518
134,WC,28.48333333,0,5,13,13,0,0.1755412522,0.4564072557,0.6319485079,0,10.02826667,0,3,0,3,0,0,0,0,0,0,0,13.99443333,0,14.28726667,0,0,1,34097,1197.086015, , ,100,3.5108250439999997,36,1.263897016,42899,845.7296664999999,41450,-0.07489114659,121,12,30.54417788,14338,15825,-1487,22372,24982,-2610,17980,18247,-267,311,319,-8,507,510
135,WC,28.48333333,1,13,5,34,1,0.4564072557,0.1755412522,0.6319485079,1,10.02826667,3,0,3,0,0,2,1,0,0,0,1,13.99443333,1,14.28726667,1,1,0,53008,1861.018139, , ,101,3.5459332939999997,49,1.720304272,54522,1253.792861,44675,0.07489114659,94,15,32.61556466,15825,14338,1487,24982,22372,2610,18247,17980,267,319,311,8,510,507
136,WC,26.81666667,0,9,17,17,1,0.3356121815,0.6339341206,0.9695463020999999,0,8.0683,0,3,0,3,0,0,0,0,0,0,0,13.30226667,0,16.00058333,0,0,1,37148,1385.257924, , ,82,3.0577998760000002,28,1.044126787,42537,922.8290864,39725,-0.17146144989999998,105,6,30.42883779,15099,15880,-781,23693,24470,-777,18421,19751,-1330,316,346,-30,493,523
137,WC,26.81666667,1,17,9,25,0,0.6339341206,0.3356121815,0.9695463020999999,1,8.0683,3,0,3,0,1,0,0,2,0,0,1,13.30226667,1,16.00058333,1,1,0,46603,1737.837166, , ,92,3.4307023,28,1.044126787,53365,1326.607831,47175,0.17146144989999998,116,20,35.2765693,15880,15099,781,24470,23693,777,19751,18421,1330,346,316,30,523,493
138,WC,34.26666667,1,20,9,42,1,0.5836575875,0.2626459144,0.8463035018999999,0,7.185466667000001,2,2,2,2,2,0,0,0,0,0,0,12.38358333,1,15.44201667,1,1,0,78915,2302.966926, , ,126,3.677042802,55,1.605058366,66843,1298.457198,64250,0.1282233889,130,25,32.94747082,15187,14094,1093,23583,22307,1276,18408,17801,607,300,291,9,522,494
139,WC,34.26666667,0,9,20,26,0,0.2626459144,0.5836575875,0.8463035018999999,1,7.185466667000001,2,2,2,2,0,2,0,0,0,0,1,12.38358333,0,15.44201667,0,0,1,67166,1960.0972760000002, , ,107,3.122568093,42,1.225680934,58400,1052.066148,56508,-0.1282233889,117,18,33.21011673,14094,15187,-1093,22307,23583,-1276,17801,18408,-607,291,300,-9,494,522
140,WC,33.15,1,20,13,42,0,0.6033182504,0.39215686270000005,0.9954751131,0,9.4646,2,3,2,3,1,0,0,1,0,0,0,12.49931667,0,12.8903,0,2,0,58492,1764.464555, , ,140,4.223227753,52,1.568627451,68085,1400.277526,61483,0.05223805868,111,23,33.51432881,15123,17372,-2249,25513,28110,-2597,16372,18536,-2164,281,320,-39,465,496
141,WC,33.15,0,13,20,16,1,0.39215686270000005,0.6033182504,0.9954751131,1,9.4646,3,2,3,2,2,0,1,0,0,0,1,12.49931667,1,12.8903,1,0,2,41942,1265.218703, , ,115,3.46907994,49,1.4781297130000002,61745,1209.025641,58353,-0.05223805868,134,50,36.28959276,17372,15123,2249,28110,25513,2597,18536,16372,2164,320,281,39,496,465
142,WC,23.85,1,20,3,48,1,0.8385744234999999,0.1257861635,0.964360587,1,7.025116667000001,3,0,3,0,0,0,1,2,0,0,1,10.98298333,1,11.59345,1,1,0,45675,1915.0943399999999, , ,99,4.150943396000001,36,1.509433962,54624,1620.5366880000001,46525,0.37311910229999995,104,41,38.90985325,16976,14017,2959,29324,22110,7214,19028,17633,1395,348,307,41,561,464
143,WC,23.85,0,3,20,9,0,0.1257861635,0.8385744234999999,0.964360587,0,7.025116667000001,0,3,0,3,0,0,0,0,0,0,0,10.98298333,0,11.59345,0,0,1,30845,1293.2914050000002, , ,93,3.899371069,29,1.2159329140000001,33330,727.706499,31895,-0.37311910229999995,71,0,28.30188679,14017,16976,-2959,22110,29324,-7214,17633,19028,-1395,307,348,-41,464,561
144,WC,38.93333333,1,16,13,35,0,0.41095890409999997,0.3339041096,0.7448630137000001,0,11.47041667,3,2,2,2,1,0,0,1,1,0,1,11.64301667,1,12.59981667,1,1,0,62666,1609.5719179999999, , ,159,4.08390411,83,2.131849315,75853,1300.885274,68350,0.06701545347,171,46,33.80136986,16124,15367,757,26489,23248,3241,18707,17522,1185,298,274,24,506,464
145,WC,38.93333333,0,13,16,33,1,0.3339041096,0.41095890409999997,0.7448630137000001,1,11.47041667,2,3,2,2,0,2,0,0,0,1,0,11.64301667,0,12.59981667,0,0,1,76081,1954.1352739999998, , ,160,4.109589041,64,1.6438356159999998,67549,1087.597603,63918,-0.06701545347,142,0,32.26027397,15367,16124,-757,23248,26489,-3241,17522,18707,-1185,274,298,-24,464,506
146,WC,29.7,1,14,5,34,0,0.4713804714,0.1683501684,0.6397306397,0,7.514716667,3,1,3,1,1,2,0,0,0,0,0,12.14815,0,13.43306667,0,1,0,48991,1649.5286199999998, , ,89,2.996632997,40,1.346801347,59771,1354.094276,53990,0.1891979564,138,43,36.4983165,14865,15288,-423,23828,24443,-615,17927,18146,-219,319,307,12,512,473
147,WC,29.7,0,5,14,7,1,0.1683501684,0.4713804714,0.6397306397,1,7.514716667,1,3,1,3,0,0,0,1,0,0,1,12.14815,1,13.43306667,1,0,1,47756,1607.946128, , ,78,2.626262626,29,0.9764309764,49055,993.2861953,44658,-0.1891979564,108,8,30.70707071,15288,14865,423,24443,23828,615,18146,17927,219,307,319,-12,473,512
148,WC,23.91666667,1,21,1,43,1,0.8780487805,0.041811846689999994,0.9198606272,1,9.648333333,3,0,3,0,1,0,2,0,0,0,1,12.0803,1,13.25051667,1,1,0,43816,1832.027875, , ,105,4.390243902,36,1.505226481,53221,1555.651568,48638,0.41565472200000003,105,35,36.04181185,16280,14068,2212,28567,21409,7158,19094,16819,2275,326,284,42,513,460
149,WC,23.91666667,0,1,21,4,0,0.041811846689999994,0.8780487805,0.9198606272,0,9.648333333,0,3,0,3,0,0,0,0,0,0,0,12.0803,0,13.25051667,0,0,1,21292,890.2578397, , ,74,3.094076655,28,1.170731707,34457,771.0940767000001,31900,-0.41565472200000003,86,0,30.64808362,14068,16280,-2212,21409,28567,-7158,16819,19094,-2275,284,326,-42,460,513
150,WC,30.13333333,0,3,10,2,1,0.09955752212,0.33185840710000003,0.4314159292,0,6.400783333,0,4,0,4,0,0,0,0,0,0,1,10.77446667,1,17.81778333,0,0,1,38701,1284.325221, , ,89,2.9535398230000003,31,1.028761062,45699,858.8296460000001,45233,-0.1927763794,118,4,29.86725664,15155,14667,488,23046,23142,-96,17747,18063,-316,291,284,7,469,500
151,WC,30.13333333,1,10,3,20,0,0.33185840710000003,0.09955752212,0.4314159292,1,6.400783333,4,0,4,0,3,0,0,1,0,0,0,10.77446667,0,17.81778333,1,1,0,61463,2039.701327, , ,127,4.21460177,59,1.9579646019999999,59581,1319.515487,54883,0.1927763794,123,20,36.40486726,14667,15155,-488,23142,23046,96,18063,17747,316,284,291,-7,500,469
152,WC,31.95,0,15,26,32,0,0.4694835681,0.8137715179999999,1.283255086,0,11.54096667,1,2,1,2,1,0,0,0,0,0,0,13.15125,0,10.03215,0,0,2,53711,1681.095462, , ,103,3.223787167,31,0.9702660406999999,52453,986.5915492999999,49650,-0.21298420839999999,93,8,26.35367762,13927,17488,-3561,23406,27737,-4331,15444,18293,-2849,239,300,-61,395,492
153,WC,31.95,1,26,15,33,1,0.8137715179999999,0.4694835681,1.283255086,1,11.54096667,2,1,2,1,0,1,0,1,0,0,1,13.15125,1,10.03215,1,2,0,71280,2230.9859149999997, , ,118,3.693270736,40,1.251956182,67109,1445.308294,61485,0.21298420839999999,123,58,31.58059468,17488,13927,3561,27737,23406,4331,18293,15444,2849,300,239,61,492,395
154,WC,27.93333333,0,9,11,17,1,0.3221957041,0.3937947494,0.7159904534999999,0,10.20031667,0,3,0,3,0,0,0,0,0,0,0,13.0343,0,14.66168333,0,1,0,30166,1079.928401, , ,85,3.042959427,37,1.324582339,49273,1102.618138,46725,0.0736023432,123,13,31.07398568,15977,15195,782,23295,24183,-888,19021,18673,348,336,332,4,474,477
155,WC,27.93333333,1,11,9,25,0,0.3937947494,0.3221957041,0.7159904534999999,1,10.20031667,3,0,3,0,1,2,0,0,0,0,1,13.0343,1,14.66168333,1,0,1,37520,1343.198091, , ,93,3.329355609,33,1.181384248,51689,1189.1097849999999,43408,-0.0736023432,124,14,33.86634845,15195,15977,-782,24183,23295,888,18673,19021,-348,332,336,-4,477,474
156,WC,27.31666667,0,2,19,4,0,0.07321537522999999,0.6955460647,0.7687614398999999,0,8.329233333,0,4,0,4,0,0,0,0,0,0,0,10.6046,0,12.90528333,0,0,1,23185,848.7492373, , ,89,3.258084198,41,1.500915192,39971,800.8004881,36925,-0.3032739805,104,8,31.37278829,14785,15220,-435,22290,24296,-2006,17877,17433,444,327,321,6,478,465
157,WC,27.31666667,1,19,2,32,1,0.6955460647,0.07321537522999999,0.7687614398999999,1,8.329233333,4,0,4,0,1,2,0,1,0,0,1,10.6046,1,12.90528333,1,1,0,49866,1825.478951, , ,140,5.125076266000001,42,1.53752288,55287,1361.4838320000001,50125,0.3032739805,93,24,32.98352654,15220,14785,435,24296,22290,2006,17433,17877,-444,321,327,-6,465,478
158,WC,28.48333333,0,4,23,4,0,0.14043300179999998,0.8074897601000001,0.9479227618000001,0,7.763083332999999,0,4,0,4,0,0,0,0,0,0,0,13.15753333,0,15.53821667,0,0,1,48004,1685.336454, , ,103,3.616149795,33,1.158572264,43312,860.2293739,40675,-0.23392130260000002,130,6,30.57928613,14943,16643,-1700,22629,25438,-2809,17518,19000,-1482,321,300,21,512,467
159,WC,28.48333333,1,23,4,55,1,0.8074897601000001,0.14043300179999998,0.9479227618000001,1,7.763083332999999,4,0,4,0,0,2,0,2,0,0,1,13.15753333,1,15.53821667,1,1,0,61858,2171.7261559999997, , ,104,3.651258046,45,1.57987127,56432,1320.84962,51450,0.23392130260000002,101,13,30.50906963,16643,14943,1700,25438,22629,2809,19000,17518,1482,300,321,-21,467,512
160,WC,35.5,0,10,13,22,1,0.2816901408,0.36619718310000005,0.6478873239,1,7.505316667000001,4,1,4,1,0,0,2,2,0,0,0,11.74221667,0,20.81163333,1,1,1,51675,1455.633803, , ,176,4.957746479,87,2.450704225,63684,1143.098592,62123,-0.01462116794,151,8,33.85915493,16194,15984,210,24667,24346,321,19186,19357,-171,336,350,-14,526,536
161,WC,35.5,1,13,10,31,0,0.36619718310000005,0.2816901408,0.6478873239,0,7.505316667000001,1,4,1,4,1,0,0,0,0,0,1,11.74221667,1,20.81163333,0,1,1,68006,1915.6619719999999, , ,168,4.732394366,79,2.225352113,69193,1298.28169,63038,0.01462116794,164,9,35.63380282,15984,16194,-210,24346,24667,-321,19357,19186,171,350,336,14,536,526
162,WC,48.65,0,25,25,54,0,0.5138746146000001,0.5138746146000001,1.027749229,0,6.944366667000001,4,4,4,2,1,0,2,1,0,2,0,11.8452,1,12.17885,0,1,3,140741,2892.929085, , ,175,3.597122302,82,1.6855087359999998,96444,1342.080164,97658,0.054433288979999994,188,40,30.97636177,16156,17085,-929,28670,28268,402,19573,19335,238,352,355,-3,535,526
163,WC,48.65,1,25,25,60,1,0.5138746146000001,0.5138746146000001,1.027749229,1,6.944366667000001,4,4,2,4,1,0,1,0,2,0,1,11.8452,0,12.17885,1,3,1,115717,2378.5611510000003, , ,179,3.67934224,73,1.500513875,96740,1348.16444,92483,-0.054433288979999994,163,28,30.68859198,17085,16156,929,28268,28670,-402,19335,19573,-238,355,352,3,526,535
164,WC,26.95,0,7,21,16,1,0.2597402597,0.7792207792,1.0389610390000001,1,9.969266667000001,2,1,2,1,0,1,1,0,0,0,1,11.80675,0,13.92601667,0,0,1,42646,1582.4118740000001, , ,91,3.376623377,30,1.113172542,44494,987.8515769999999,41425,-0.1420225828,90,19,31.9109462,16579,14663,1916,23866,26278,-2412,19078,17784,1294,334,297,37,475,487
165,WC,26.95,1,21,7,61,0,0.7792207792,0.2597402597,1.0389610390000001,0,9.969266667000001,1,2,1,2,0,0,0,1,0,0,0,11.80675,1,13.92601667,1,1,0,58062,2154.434137, , ,81,3.005565863,22,0.8163265306,53306,1314.827458,47758,0.1420225828,76,15,29.57328386,14663,16579,-1916,26278,23866,2412,17784,19078,-1294,297,334,-37,487,475
166,WC,29.66666667,0,9,15,11,1,0.3033707865,0.5056179775,0.8089887640000001,0,8.76095,0,4,0,4,0,0,0,0,0,0,1,10.84438333,0,11.36661667,0,0,1,48404,1631.5955060000001, , ,115,3.876404494,60,2.02247191,50736,1051.752809,51105,-0.07428899796,106,17,33.1011236,16003,16719,-716,26108,26390,-282,18866,18747,119,286,329,-43,494,530
167,WC,29.66666667,1,15,9,36,0,0.5056179775,0.3033707865,0.8089887640000001,1,8.76095,4,0,4,0,0,1,0,3,0,0,0,10.84438333,1,11.36661667,1,1,0,50472,1701.3033710000002, , ,129,4.348314607,58,1.95505618,60441,1378.8876400000001,55048,0.07428899796,117,49,35.15730337,16719,16003,716,26390,26108,282,18747,18866,-119,329,286,43,530,494
168,WC,33.1,1,18,5,39,1,0.5438066465,0.1510574018,0.6948640483,1,8.633616667,4,1,4,1,1,2,0,1,0,0,0,12.19331667,1,12.28926667,1,1,1,48151,1454.712991, , ,150,4.531722053999999,63,1.903323263,69970,1460.2658609999999,61313,0.1379616957,143,53,38.1570997,16844,15544,1300,26678,22907,3771,19421,18262,1159,329,335,-6,498,463
169,WC,33.1,0,5,18,14,0,0.1510574018,0.5438066465,0.6948640483,0,8.633616667,1,4,1,4,1,0,0,0,0,0,1,12.19331667,0,12.28926667,0,1,1,43181,1304.561934, , ,128,3.867069486,69,2.084592145,55043,1009.299094,53400,-0.1379616957,115,0,32.77945619,15544,16844,-1300,22907,26678,-3771,18262,19421,-1159,335,329,6,463,498
170,WC,32.41666667,1,11,3,20,1,0.3393316195,0.09254498715,0.4318766067,1,12.56105,4,0,4,0,2,0,2,0,0,0,0,12.36968333,0,12.98511667,1,2,0,31277,964.8431877, , ,115,3.547557841,65,2.005141388,63950,1318.2416449999998,57218,0.1714404987,128,48,35.29048843,17257,15695,1562,26656,24651,2005,17898,17545,353,309,309,0,519,501
171,WC,32.41666667,0,3,11,5,0,0.09254498715,0.3393316195,0.4318766067,0,12.56105,0,4,0,4,0,0,0,0,0,0,1,12.36968333,1,12.98511667,0,0,2,34191,1054.735219, , ,140,4.318766067,48,1.480719794,49551,874.0565552999999,48183,-0.1714404987,126,4,30.97172237,15695,17257,-1562,24651,26656,-2005,17545,17898,-353,309,309,0,501,519
172,WC,32.6,0,5,10,9,1,0.1533742331,0.30674846629999997,0.4601226994,1,7.203716667,2,3,2,3,0,1,0,1,0,0,0,13.77661667,0,12.97258333,0,0,2,48390,1484.355828, , ,127,3.8957055210000004,41,1.257668712,52415,953.5521472000001,50603,-0.12907161609999998,112,4,31.56441718,15371,16323,-952,23373,25994,-2621,17225,18682,-1457,282,322,-40,469,522
173,WC,32.6,1,10,5,19,0,0.30674846629999997,0.1533742331,0.4601226994,0,7.203716667,3,2,3,2,0,1,2,0,0,0,1,13.77661667,1,12.97258333,1,2,0,67555,2072.2392640000003, , ,92,2.82208589,58,1.779141104,62713,1269.441718,57585,0.12907161609999998,120,37,33.49693252,16323,15371,952,25994,23373,2621,18682,17225,1457,322,282,40,522,469
174,WC,32.3,0,4,13,8,0,0.1238390093,0.3715170279,0.4953560372,0,5.843716667000001,0,5,0,5,0,0,0,0,0,0,0,10.66626667,1,12.2302,0,0,1,17671,547.0897832999999, , ,114,3.529411765,59,1.826625387,52031,956.2043344000001,49150,-0.1835484556,118,9,33.40557276,14736,17243,-2507,25288,27804,-2516,16975,18792,-1817,294,315,-21,489,502
175,WC,32.3,1,12,4,32,1,0.3715170279,0.1238390093,0.4953560372,1,5.843716667000001,5,0,5,0,2,3,0,0,0,0,1,10.66626667,0,12.2302,1,1,0,50323,1557.9876160000001, , ,144,4.4582043339999995,56,1.73374613,65659,1378.123839,59083,0.1835484556,148,35,36.59442724,17243,14736,2507,27804,25288,2516,18792,16975,1817,315,294,21,502,489
176,WC,30.95,1,12,6,36,0,0.3877221325,0.19386106620000002,0.5815831987,1,14.10013333,3,0,3,0,0,1,2,0,0,0,0,16.1152,1,14.538,0,1,0,67528,2181.84168, , ,121,3.909531502,54,1.744749596,58664,1238.92084,49433,0.07340142189,106,24,33.63489499,16639,16115,524,25571,23464,2107,19197,18024,1173,299,303,-4,503,494
177,WC,30.95,0,6,12,17,1,0.19386106620000002,0.3877221325,0.5815831987,0,14.10013333,0,3,0,3,0,0,0,0,0,0,1,16.1152,0,14.538,1,0,1,47085,1521.324717, , ,97,3.1340872369999997,54,1.744749596,47176,867.7415186000001,45933,-0.07340142189,108,0,30.01615509,16115,16639,-524,23464,25571,-2107,18024,19197,-1173,303,299,4,494,503
178,WC,32.08333333,1,22,13,36,0,0.6857142856999999,0.4051948052,1.0909090909999999,1,11.2824,3,1,3,1,1,0,1,1,0,0,1,13.99228333,1,14.47866667,1,1,0,48748,1519.4181820000001, , ,120,3.74025974,43,1.34025974,62085,1280.166234,56110,0.04482507289,139,1,32.91428571,15916,16959,-1043,25824,25231,593,18524,19472,-948,276,337,-61,477,534
179,WC,32.08333333,0,13,22,26,1,0.4051948052,0.6857142856999999,1.0909090909999999,0,11.2824,1,3,1,3,1,0,0,0,0,0,0,13.99228333,0,14.47866667,0,0,1,56731,1768.238961, , ,100,3.116883117,45,1.4025974030000001,56087,1093.215584,53650,-0.04482507289,156,4,33.53766234,16959,15916,1043,25231,25824,-593,19472,18524,948,337,276,61,534,477
180,WC,29.5,1,13,2,31,1,0.4406779661,0.06779661017000001,0.5084745763,1,9.957783333,4,0,4,0,0,2,1,1,0,0,1,11.54763333,1,16.32276667,1,1,0,62509,2118.949153, , ,125,4.237288136,42,1.423728814,60196,1381.830508,52400,0.2095720008,129,27,39.05084746,16308,14747,1561,26940,22526,4414,19374,18211,1163,366,332,34,610,531
181,WC,29.5,0,2,13,6,0,0.06779661017000001,0.4406779661,0.5084745763,0,9.957783333,0,4,0,4,0,0,0,0,0,0,0,11.54763333,0,16.32276667,0,0,1,38835,1316.440678, , ,96,3.254237288,47,1.5932203390000002,43580,818.5762712000001,42460,-0.2095720008,114,0,32.88135593,14747,16308,-1561,22526,26940,-4414,18211,19374,-1163,332,366,-34,531,610
182,WC,24.11666667,1,18,4,33,1,0.7463718037,0.1658604008,0.9122322046,0,6.651083333,1,2,1,2,0,0,0,1,0,0,1,15.32783333,1,14.38868333,1,0,0,57830,2397.9267449999998, , ,77,3.192812716,34,1.409813407,46693,1266.991016,40250,0.1289256198,91,5,32.92328956,16458,15060,1398,25609,22768,2841,18918,19064,-146,335,321,14,507,490
183,WC,24.11666667,0,4,18,3,0,0.1658604008,0.7463718037,0.9122322046,1,6.651083333,2,1,2,1,0,1,0,1,0,0,0,15.32783333,0,14.38868333,0,0,0,35621,1477.028334, , ,70,2.902557015,27,1.119557706,36552,846.4934347000001,35375,-0.1289256198,105,8,31.34761576,15060,16458,-1398,22768,25609,-2841,19064,18918,146,321,335,-14,490,507
